# (2012/I)	Comedy
# (2012/I)	Short
# (2012/II)	Animation
# (2012/II)	Short
# (2014)	Comedy
# (2014)	Short
# My Ass (2015) (V)	Adult
#1 (2005)	Drama
#1 (2005)	Short
#1 (2009)	Animation
#1 (2009)	Short
#1 (2010)	Comedy
#1 (2010)	Short
#1 (2010/I) (V)	Comedy
#1 (2010/I) (V)	Drama
#1 (2010/I) (V)	News
#1 (2010/I) (V)	Short
#1 (2010/II) (V)	Animation
#1 (2010/II) (V)	Drama
#1 (2010/II) (V)	Short
#1 (2018)	Documentary
#1 Beauty Nail Salon (2014)	Drama
#1 Beauty Nail Salon (2014)	History
#1 Beauty Nail Salon (2014)	Short
#1 Beauty Nail Salon (2014)	War
#1 Cheerleader Camp (2010) (V)	Comedy
#1 Dad (2016)	Comedy
#1 Dad (2016)	Short
#1 Fan: A Darkomentary (2005) (V)	Comedy
#1 Fan: A Darkomentary (2005) (V)	Short
#1 Mamarazzi (????)	Comedy
#1 Serial Killer (2013)	Horror
#1 With A Bullet (2011)	Comedy
#1 With A Bullet (2011)	Short
#1 at the Apocalypse Box Office (2015)	Comedy
#1 at the Apocalypse Box Office (2015)	Sci-Fi
#1 at the Apocalypse Box Office (2015)	Short
#10007 (2015)	Drama
#10007 (2015)	Short
#1137 (2015)	Adventure
#1137 (2015)	Drama
#1137 (2015)	Short
#11: The Issue (2007) (V)	Comedy
#11: The Issue (2007) (V)	Short
#137 (2011)	Sci-Fi
#137 (2011)	Short
#140Characters: A Documentary About Twitter (2011)	Biography
#140Characters: A Documentary About Twitter (2011)	Documentary
#140Characters: A Documentary About Twitter (2011)	Family
#140Characters: A Documentary About Twitter (2011)	News
