# (2012/II)	grafitti
# (2012/II)	light-painting
# (2012/II)	stop-motion
# My Ass (2015) (V)	african-american
# My Ass (2015) (V)	anal-sex
# My Ass (2015) (V)	anilingus
# My Ass (2015) (V)	ass-to-mouth
# My Ass (2015) (V)	cum-swallowing
# My Ass (2015) (V)	double-penetration
# My Ass (2015) (V)	ejaculation-in-mouth
# My Ass (2015) (V)	facial
# My Ass (2015) (V)	fingering
# My Ass (2015) (V)	gonzo
# My Ass (2015) (V)	hardcore
# My Ass (2015) (V)	interracial-sex
# My Ass (2015) (V)	oral-sex
# My Ass (2015) (V)	sex
# My Ass (2015) (V)	shaved-vagina
# My Ass (2015) (V)	squirt
# My Ass (2015) (V)	stockings
# My Ass (2015) (V)	tattoo
# My Ass (2015) (V)	tattooed-woman
# My Ass (2015) (V)	threesome
#1 (2010)	janitor
#1 (2010)	magic
#1 (2010)	pencil
#1 (2010)	school
#1 (2010)	surprise
#1 (2018)	based-on-book
#1 Cheerleader Camp (2010) (V)	2010s
#1 Cheerleader Camp (2010) (V)	audience
#1 Cheerleader Camp (2010) (V)	black-panties
#1 Cheerleader Camp (2010) (V)	blonde
#1 Cheerleader Camp (2010) (V)	breasts
#1 Cheerleader Camp (2010) (V)	brunette
#1 Cheerleader Camp (2010) (V)	camp
#1 Cheerleader Camp (2010) (V)	championship
#1 Cheerleader Camp (2010) (V)	cheerleader
#1 Cheerleader Camp (2010) (V)	cheerleader-uniform
#1 Cheerleader Camp (2010) (V)	cheerleading
#1 Cheerleader Camp (2010) (V)	cheerleading-movie
#1 Cheerleader Camp (2010) (V)	cleavage
#1 Cheerleader Camp (2010) (V)	competition
#1 Cheerleader Camp (2010) (V)	crowd
#1 Cheerleader Camp (2010) (V)	dance
#1 Cheerleader Camp (2010) (V)	dancing
#1 Cheerleader Camp (2010) (V)	discussion
#1 Cheerleader Camp (2010) (V)	dream
#1 Cheerleader Camp (2010) (V)	dream-sequence
#1 Cheerleader Camp (2010) (V)	embarrassment
